insert into civilizations (civilization_id) values

(
    'AMERICA'
)
,
(
    'ARABIA'
)
,
(
    'AZTEC'
)
,
(
    'BABYLON'
)
,
(
    'BYZANTIUM'
)
,
(
    'CARTHAGE'
)
,
(
    'CELT'
)
,
(
    'CHINA'
)
,
(
    'EGYPT'
)
,
(
    'ENGLAND'
)
,
(
    'ETHIOPIA'
)
,
(
    'FRANCE'
)
,
(
    'GERMANY'
)
,
(
    'GREECE'
)
,
(
    'HOLY_ROMAN'
)
,
(
    'INCA'
)
,
(
    'INDIA'
)
,
(
    'JAPAN'
)
,
(
    'KHMER'
)
,
(
    'KOREA'
)
,
(
    'MALI'
)
,
(
    'MAYA'
)
,
(
    'MONGOL'
)
,
(
    'NATIVE_AMERICA'
)
,
(
    'NETHERLANDS'
)
,
(
    'OTTOMAN'
)
,
(
    'PERSIA'
)
,
(
    'PORTUGAL'
)
,
(
    'ROME'
)
,
(
    'RUSSIA'
)
,
(
    'SPAIN'
)
,
(
    'SUMERIA'
)
,
(
    'VIKING'
)
,
(
    'ZULU'
);

insert into civilization_leaders (civilization_id, leader_id) values

(
    'AMERICA',
    'WASHINGTON'
)
,
(
    'AMERICA',
    'FRANKLIN_ROOSEVELT'
)
,
(
    'AMERICA',
    'LINCOLN'
)
,
(
    'ARABIA',
    'SALADIN'
)
,
(
    'AZTEC',
    'MONTEZUMA'
)
,
(
    'BABYLON',
    'HAMMURABI'
)
,
(
    'BYZANTIUM',
    'JUSTINIAN'
)
,
(
    'CARTHAGE',
    'HANNIBAL'
)
,
(
    'CELT',
    'BRENNUS'
)
,
(
    'CELT',
    'BOUDICA'
)
,
(
    'CHINA',
    'QIN_SHI_HUANG'
)
,
(
    'CHINA',
    'CHINESE_LEADER'
)
,
(
    'EGYPT',
    'HATSHEPSUT'
)
,
(
    'EGYPT',
    'RAMESSES'
)
,
(
    'ENGLAND',
    'ELIZABETH'
)
,
(
    'ENGLAND',
    'VICTORIA'
)
,
(
    'ENGLAND',
    'CHURCHILL'
)
,
(
    'ETHIOPIA',
    'ZARA_YAQOB'
)
,
(
    'FRANCE',
    'LOUIS_XIV'
)
,
(
    'FRANCE',
    'NAPOLEON'
)
,
(
    'FRANCE',
    'DE_GAULLE'
)
,
(
    'GERMANY',
    'FREDERICK'
)
,
(
    'GERMANY',
    'BISMARCK'
)
,
(
    'GREECE',
    'ALEXANDER'
)
,
(
    'GREECE',
    'PERICLES'
)
,
(
    'HOLY_ROMAN',
    'CHARLEMAGNE'
)
,
(
    'INCA',
    'HUAYNA_CAPAC'
)
,
(
    'INDIA',
    'ASOKA'
)
,
(
    'INDIA',
    'GANDHI'
)
,
(
    'JAPAN',
    'TOKUGAWA'
)
,
(
    'KHMER',
    'SURYAVARMAN'
)
,
(
    'KOREA',
    'WANGKON'
)
,
(
    'MALI',
    'MANSA_MUSA'
)
,
(
    'MAYA',
    'PACAL'
)
,
(
    'MONGOL',
    'GENGHIS_KHAN'
)
,
(
    'MONGOL',
    'KUBLAI_KHAN'
)
,
(
    'NATIVE_AMERICA',
    'SITTING_BULL'
)
,
(
    'NETHERLANDS',
    'WILLEM_VAN_ORANJE'
)
,
(
    'OTTOMAN',
    'MEHMED'
)
,
(
    'OTTOMAN',
    'SULEIMAN'
)
,
(
    'PERSIA',
    'CYRUS'
)
,
(
    'PERSIA',
    'DARIUS'
)
,
(
    'PORTUGAL',
    'JOAO'
)
,
(
    'ROME',
    'JULIUS_CAESAR'
)
,
(
    'ROME',
    'AUGUSTUS'
)
,
(
    'RUSSIA',
    'PETER'
)
,
(
    'RUSSIA',
    'CATHERINE'
)
,
(
    'RUSSIA',
    'STALIN'
)
,
(
    'SPAIN',
    'ISABELLA'
)
,
(
    'SUMERIA',
    'GILGAMESH'
)
,
(
    'VIKING',
    'RAGNAR'
)
,
(
    'ZULU',
    'SHAKA'
);

insert into starting_technologies (civilization_id, technology_id) values

(
    'AMERICA',
    'FISHING'
)
,
(
    'AMERICA',
    'AGRICULTURE'
)
,
(
    'ARABIA',
    'THE_WHEEL'
)
,
(
    'ARABIA',
    'MYSTICISM'
)
,
(
    'AZTEC',
    'MYSTICISM'
)
,
(
    'AZTEC',
    'HUNTING'
)
,
(
    'BABYLON',
    'AGRICULTURE'
)
,
(
    'BABYLON',
    'THE_WHEEL'
)
,
(
    'BYZANTIUM',
    'THE_WHEEL'
)
,
(
    'BYZANTIUM',
    'MYSTICISM'
)
,
(
    'CARTHAGE',
    'FISHING'
)
,
(
    'CARTHAGE',
    'MINING'
)
,
(
    'CELT',
    'HUNTING'
)
,
(
    'CELT',
    'MYSTICISM'
)
,
(
    'CHINA',
    'AGRICULTURE'
)
,
(
    'CHINA',
    'MINING'
)
,
(
    'EGYPT',
    'THE_WHEEL'
)
,
(
    'EGYPT',
    'AGRICULTURE'
)
,
(
    'ENGLAND',
    'FISHING'
)
,
(
    'ENGLAND',
    'MINING'
)
,
(
    'ETHIOPIA',
    'HUNTING'
)
,
(
    'ETHIOPIA',
    'MINING'
)
,
(
    'FRANCE',
    'THE_WHEEL'
)
,
(
    'FRANCE',
    'AGRICULTURE'
)
,
(
    'GERMANY',
    'HUNTING'
)
,
(
    'GERMANY',
    'MINING'
)
,
(
    'GREECE',
    'FISHING'
)
,
(
    'GREECE',
    'HUNTING'
)
,
(
    'HOLY_ROMAN',
    'MYSTICISM'
)
,
(
    'HOLY_ROMAN',
    'HUNTING'
)
,
(
    'INCA',
    'AGRICULTURE'
)
,
(
    'INCA',
    'MYSTICISM'
)
,
(
    'INDIA',
    'MYSTICISM'
)
,
(
    'INDIA',
    'MINING'
)
,
(
    'JAPAN',
    'FISHING'
)
,
(
    'JAPAN',
    'THE_WHEEL'
)
,
(
    'KHMER',
    'HUNTING'
)
,
(
    'KHMER',
    'MINING'
)
,
(
    'KOREA',
    'MINING'
)
,
(
    'KOREA',
    'MYSTICISM'
)
,
(
    'MALI',
    'THE_WHEEL'
)
,
(
    'MALI',
    'MINING'
)
,
(
    'MAYA',
    'MINING'
)
,
(
    'MAYA',
    'MYSTICISM'
)
,
(
    'MONGOL',
    'THE_WHEEL'
)
,
(
    'MONGOL',
    'HUNTING'
)
,
(
    'NATIVE_AMERICA',
    'AGRICULTURE'
)
,
(
    'NATIVE_AMERICA',
    'FISHING'
)
,
(
    'NETHERLANDS',
    'AGRICULTURE'
)
,
(
    'NETHERLANDS',
    'FISHING'
)
,
(
    'OTTOMAN',
    'THE_WHEEL'
)
,
(
    'OTTOMAN',
    'AGRICULTURE'
)
,
(
    'PERSIA',
    'AGRICULTURE'
)
,
(
    'PERSIA',
    'HUNTING'
)
,
(
    'PORTUGAL',
    'FISHING'
)
,
(
    'PORTUGAL',
    'MINING'
)
,
(
    'ROME',
    'FISHING'
)
,
(
    'ROME',
    'MINING'
)
,
(
    'RUSSIA',
    'HUNTING'
)
,
(
    'RUSSIA',
    'MINING'
)
,
(
    'SPAIN',
    'FISHING'
)
,
(
    'SPAIN',
    'MYSTICISM'
)
,
(
    'SUMERIA',
    'AGRICULTURE'
)
,
(
    'SUMERIA',
    'THE_WHEEL'
)
,
(
    'VIKING',
    'FISHING'
)
,
(
    'VIKING',
    'HUNTING'
)
,
(
    'ZULU',
    'AGRICULTURE'
)
,
(
    'ZULU',
    'HUNTING'
);
